Text,Date,Favorites,Retweets,Tweet ID
"Spoke at the Congressional @GOP Retreat in Philadelphia, PA. this afternoon w/ @VP, @SenateMajLdr, @SpeakerRyan. Thank you for your support!pic.twitter.com/DEv2DnksDc",2017-01-26 12:21:17,22136,4047,824698743630995457
"of jobs and companies lost. If Mexico is unwilling to pay for the badly needed wall, then it would be better to cancel the upcoming meeting.",2017-01-26 06:55:03,71920,21165,824616644370714627
The U.S. has a 60 billion dollar trade deficit with Mexico. It has been a one-sided deal from the beginning of NAFTA with massive numbers...,2017-01-26 06:51:46,65752,18283,824615820391305216
"Ungrateful TRAITOR Chelsea Manning, who should never have been released from prison, is now calling President Obama a weak leader. Terrible!",2017-01-26 04:04:24,89021,21629,824573698774601729
Interview with David Muir of @ABC News in 10 minutes. Enjoy!,2017-01-25 19:48:25,44493,5797,824448880993509376
"""@romoabcnews: .@DavidMuir first @POTUS interview since taking office.  Tonight on @ABCWorldNews @ABC2020 tonight. pic.twitter.com/I4Vz1mRdBK""",2017-01-25 19:45:32,35376,5519,824448156935081984
"As your President, I have no higher duty than to protect the lives of the American people.pic.twitter.com/o7YNUNwb8f",2017-01-25 19:14:56,122929,23879,824440456813707265
"Beginning today, the United States of America gets back control of its borders. Full speech from today @DHSgov: http://bit.ly/2jSZomhDHS pic.twitter.com/48iZam5Fai",2017-01-25 17:03:33,92211,20549,824407390674157568
I will be interviewed by @DavidMuir tonight at 10 o'clock on @ABC. Will be my first interview from the White House. Enjoy!pic.twitter.com/okiZ8ZeDgz – at The White House,2017-01-25 15:05:59,67493,11878,824377804590563339
I will be making my Supreme Court pick on Thursday of next week.Thank you!,2017-01-25 05:17:01,124395,21183,824229586091307008
"even, those registered to vote who are dead (and many for a long time). Depending on results, we will strengthen up voting procedures!",2017-01-25 05:13:46,99226,18329,824228768227217408
"I will be asking for a major investigation into VOTER FRAUD, including those registered to vote in two states, those who are illegal and....",2017-01-25 05:10:01,121241,25284,824227824903090176
"Big day planned on NATIONAL SECURITY tomorrow. Among many other things, we will build the wall!",2017-01-24 19:37:48,189638,54829,824083821889015809
"If Chicago doesn't fix the horrible ""carnage"" going on, 228 shootings in 2017 with 42 killings (up 24% from 2016), I will send in the Feds!",2017-01-24 19:25:40,201549,55619,824080766288228352
Congratulations to @FoxNews for being number one in inauguration ratings. They were many times higher than FAKE NEWS @CNN - public is smart!,2017-01-24 19:16:19,156405,31540,824078417213747200
Great meeting with Ford CEO Mark Fields and General Motors CEO Mary Barra at the @WhiteHouse today.pic.twitter.com/T0eIgO6LP8,2017-01-24 17:46:57,95233,18096,824055927200423936
Signing orders to move forward with the construction of the Keystone XL and Dakota Access pipelines in the Oval Office.pic.twitter.com/OErGmbBvYK – at The Oval Office,2017-01-24 10:49:17,127685,25463,823950814163140609
"Great meeting with automobile industry leaders at the @WhiteHouse this morning. Together, we will #MAGA!pic.twitter.com/OXdiLOkGsZ",2017-01-24 10:04:01,95384,16086,823939422743830528
A photo delivered yesterday that will be displayed in the upper/lower press hall. Thank you Abbas!pic.twitter.com/Uzp0ivvRp0,2017-01-24 09:58:06,105307,20471,823937936056008704
Will be meeting at 9:00 with top automobile executives concerning jobs in America. I want new plants to be built here for cars sold here!,2017-01-24 04:11:47,151899,23769,823850781946343427
Busy week planned with a heavy focus on jobs and national security. Top executives coming in at 9:00 A.M. to talk manufacturing in America.,2017-01-23 04:38:16,177961,27023,823495059010109440
"Peaceful protests are a hallmark of our democracy. Even if I don't always agree, I recognize the rights of people to express their views.",2017-01-22 07:23:17,392392,83034,823174199036542980
"Wow, television ratings just out: 31 million people watched the Inauguration, 11 million more than the very good ratings from 4 years ago!",2017-01-22 05:51:36,217884,40769,823151124815507460
Watched protests yesterday but was under the impression that we just had an election! Why didn't these people vote? Celebs hurt cause badly.,2017-01-22 05:47:21,213843,46831,823150055418920960
"Had a great meeting at CIA Headquarters yesterday, packed house, paid great respect to Wall, long standing ovations, amazing people. WIN!",2017-01-22 05:35:09,126989,17031,823146987117772800
A fantastic day and evening in Washington D.C.Thank you to @FoxNews and so many other news outlets for the GREAT reviews of the speech!,2017-01-21 04:53:41,178584,23623,822774162011910144
"THANK YOU for another wonderful evening in Washington, D.C. TOGETHER, we will MAKE AMERICA GREAT AGAINpic.twitter.com/V3aoj9RUh4",2017-01-20 21:56:15,290414,53113,822669114237943808
"TO ALL AMERICANS
https://www.facebook.com/DonaldTrump/posts/10158510987625725 …",2017-01-20 11:13:48,92021,16734,822507434396753921
"So to all Americans, in every city near and far, small and large, from mountain to mountain...https://www.facebook.com/DonaldTrump/posts/10158510880180725 …",2017-01-20 11:00:43,86225,14172,822504142178500608
It is time to remember that...https://www.facebook.com/DonaldTrump/posts/10158510858055725 …,2017-01-20 10:58:24,58499,9249,822503558369181697
"We will follow two simple rules: BUY AMERICAN & HIRE AMERICAN!
#InaugurationDay #MAGA",2017-01-20 10:55:44,161547,38651,822502887477673984
We will bring back our jobs. We will bring back our borders. We will bring back our wealth - and we will bring back our dreams!,2017-01-20 10:54:36,174293,38204,822502601304526848
"The forgotten men and women of our country will be forgotten no longer. From this moment on, it’s going to be #AmericaFirst",2017-01-20 10:54:00,148334,35723,822502450007515137
"January 20th 2017, will be remembered as the day the people became the rulers of this nation again.",2017-01-20 10:53:17,219762,61824,822502270503972872
"What truly matters is not which party controls our government, but whether our government is controlled by the people.",2017-01-20 10:52:45,181031,43574,822502135233384448
"power from Washington, D.C. and giving it back to you, the American People. #InaugurationDay",2017-01-20 10:51:58,91111,18744,822501939267141634
"Today we are not merely transferring power from one Administration to another, or from one party to another – but we are transferring...",2017-01-20 10:51:25,109864,20582,822501803615014918
It all begins today! I will see you at 11:00 A.M. for the swearing-in. THE MOVEMENT CONTINUES - THE WORK BEGINS!,2017-01-20 05:31:53,271951,72756,822421390125043713
"Thank you for a wonderful evening in Washington, D.C. #Inaugurationpic.twitter.com/a6xpFQTHj5",2017-01-19 21:24:33,113483,21203,822298747421986828
"Thank you for joining us at the Lincoln Memorial tonight- a very special evening! Together, we are going to MAKE AMERICA GREAT AGAIN!pic.twitter.com/5d774OCx5o",2017-01-19 17:40:51,166387,34752,822242449053614081
"Join me at 4pm over at the Lincoln Memorial with my family!
#Inauguration2017https://twitter.com/trumpinaugural/status/822161617425203203 …",2017-01-19 13:21:36,66143,12449,822177206633955328
Great Concert at 4:00 P.M. today at Lincoln Memorial. Enjoy!,2017-01-19 13:18:32,65388,8510,822176438627536897
On my way! #Inauguration2017https://twitter.com/trumpinaugural/status/822142520473829377 …,2017-01-19 13:13:57,56276,9031,822175285151928320
"the American people. I have no doubt that we will, together, MAKE AMERICA GREAT AGAIN!",2017-01-19 06:02:18,161679,39755,822066653953458177
"Getting ready to leave for Washington, D.C. The journey begins and I will be working and fighting very hard to make it a great journey for..",2017-01-19 06:00:13,151751,26289,822066132307808256
"""It wasn't Donald Trump that divided this country, this country has been divided for a long time!"" Stated today by Reverend Franklin Graham.",2017-01-19 05:52:22,125879,28131,822064153426857984
Thank you to our amazing Wounded Warriors for their service. It was an honor to be with them tonight in D.C. #Heroes https://www.facebook.com/DonaldTrump/posts/10158502102660725:0 …pic.twitter.com/wFXlWQ0XRr,2017-01-18 21:01:40,82601,16528,821930600290521089
Great seeing @TheLeeGreenwood  and Kimberly at this evenings VP dinner! #GodBlessTheUSApic.twitter.com/SxVmaWvOFT,2017-01-18 18:54:13,64611,10162,821898525432811520
"Looking forward to a speedy recovery for George and Barbara Bush, both hospitalized. Thank you for your wonderful letter!",2017-01-18 15:21:02,137043,21496,821844875268255744
"Writing my inaugural address at the Winter White House, Mar-a-Lago, three weeks ago. Looking forward to Friday. #Inaugurationpic.twitter.com/S701FdTCQu",2017-01-18 10:33:25,108747,21569,821772494864580614
.@TheAlabamaBand was great last night in D.C. playing for 147 Diplomats and Ambassadors from countries around the world. Thanks Alabama!,2017-01-18 07:03:53,65997,11507,821719763214880769
No wonder the Today Show on biased @NBC is doing so badly compared to its glorious past. Little credibility!,2017-01-18 06:06:58,57444,10757,821705440178348033
"""Bayer AG has pledged to add U.S. jobs and investments after meeting with President-elect Donald Trump, the latest in a string..."" @WSJ",2017-01-18 06:00:51,58241,12131,821703902940827648
"to the U.S., but had nothing to do with TRUMP, is more FAKE NEWS. Ask top CEO's of those companies for real facts. Came back because of me!",2017-01-18 05:44:03,58017,11699,821699672687448064
"Totally biased @NBCNews went out of its way to say that the big announcement from Ford, G.M., Lockheed & others that jobs are coming back...",2017-01-18 05:34:09,48153,10342,821697182235496450
Will be interviewed by @ainsleyearhardt on @foxandfriends - Enjoy!,2017-01-18 04:53:24,37329,5696,821686928680583169
Thank you to General Motors and Walmart for starting the big jobs push back into the U.S.!,2017-01-17 10:55:38,105116,21899,821415698278875137
"""How Trump Won--And How The Media Missed It""http://www.breitbart.com/big-journalism/2017/01/16/media-covered-trump-without-listening-voters/ …",2017-01-17 10:36:45,42993,11634,821410947864653825
"""thought it would be hypocritical to attend Bush's swearing-in....he doesn't believe Bush is the true elected president."" Sound familiar! WP",2017-01-17 07:52:39,64867,14255,821369651968012288
"John Lewis said about my inauguration, ""It will be the first one that I've missed."" WRONG (or lie)! He boycotted Bush 43 also because he...",2017-01-17 07:46:27,67666,16539,821368088935432196
"country and with the massive cost reductions I have negotiated on military purchases and more, I believe the people are seeing ""big stuff.""",2017-01-17 07:36:26,56640,10605,821365569366671360
"With all of the jobs I am bringing back into the U.S. (even before taking office), with all of the new auto plants coming back into our.....",2017-01-17 07:30:19,59549,11206,821364027506966532
"The same people who did the phony election polls, and were so wrong, are now doing approval rating polls. They are rigged just like before.",2017-01-17 06:11:56,108276,24976,821344302651555840
"People are pouring into Washington in record numbers. Bikers for Trump are on their way. It will be a great Thursday, Friday and Saturday!",2017-01-17 06:05:10,122581,25510,821342600322043905
"""@drgoodspine: @realDonaldTrump @Ivanka Trump is great, a woman with real character and class.""",2017-01-16 19:08:21,47225,8303,821177307708661761
"At 9:00 P.M. @CNN, of all places, is doing a Special Report on my daughter, Ivanka. Considering it is CNN, can't imagine it will be great!",2017-01-16 18:49:38,58848,11782,821172595869577220
"""@levisteveholt: @realDonaldTrump I appreciate your use of Twitter to keep us informed and maintain transparency."" Very dishonest media!",2017-01-16 18:42:18,61811,12723,821170750983995392
Celebrate Martin Luther King Day and all of the many wonderful things that he stood for. Honor him for being the great man that he was!,2017-01-16 06:54:52,163930,38860,820992721120854016
"much worse - just look at Syria (red line), Crimea, Ukraine and the build-up of Russian nukes. Not good! Was this the leaker of Fake News?",2017-01-15 17:29:05,59833,14293,820789938887294977
".@FoxNews ""Outgoing CIA Chief, John Brennan, blasts Pres-Elect Trump on Russia threat. Does not fully understand."" Oh really, couldn't do...",2017-01-15 17:16:20,45891,11663,820786730257285120
".@NBCNews is bad but Saturday Night Live is the worst of NBC. Not funny, cast is terrible, always a complete hit job. Really bad television!",2017-01-15 15:46:33,86217,19259,820764134857969666
"about that...Those Intelligence chiefs made a mistake here, & when people make mistakes, they should APOLOGIZE."" Media should also apologize",2017-01-15 13:13:00,71461,15607,820725491812487170
"Thank you to Bob Woodward who said, ""That is a garbage document...it never should have been presented...Trump's right to be upset (angry)...",2017-01-15 13:04:38,70715,16409,820723387995717632
"For many years our country has been divided, angry and untrusting. Many say it will never change, the hatred is too deep. IT WILL CHANGE!!!!",2017-01-15 12:00:21,130246,30178,820707210565132288
"will only get higher. Car companies and others, if they want to do business in our country, have to start making things here again. WIN!",2017-01-15 07:02:41,79549,15511,820632299037409280
"The Democrats are most angry that so many Obama Democrats voted for me. With all of the jobs I am bringing back to our Nation, that number..",2017-01-15 06:59:29,80424,16477,820631495660408835
"Inauguration Day is turning out to be even bigger than expected. January 20th, Washington D.C. Have fun!",2017-01-14 18:58:57,123756,25831,820450166331346944
Congressman John Lewis should finally focus on the burning and crime infested inner-cities of the U.S. I can use all the help I can get!,2017-01-14 17:22:01,97240,22586,820425770925338624
"INTELLIGENCE INSIDERS NOW CLAIM THE TRUMP DOSSIER IS ""A COMPLETE FRAUD!""  @OANN",2017-01-14 06:14:13,69852,19508,820257714362314753
"mention crime infested) rather than falsely complaining about the election results. All talk, talk, talk - no action or results. Sad!",2017-01-14 06:07:12,78385,16971,820255947956383744
"Congressman John Lewis should spend more time on fixing and helping his district, which is in horrible shape and falling apart (not to......",2017-01-14 05:50:26,89740,21519,820251730407473153
"A beautiful funeral today for a real NYC hero, Detective Steven McDonald. Our law enforcement community has my complete and total support.",2017-01-13 10:42:42,111335,21632,819962894616064001
"The ""Unaffordable"" Care Act will soon be history!",2017-01-13 04:33:24,132293,30772,819869953692155904
have been allowed to run - guilty as hell. They were VERY nice to her. She lost because she campaigned in the wrong states - no enthusiasm!,2017-01-13 04:25:54,68510,13730,819868066364461058
What are Hillary Clinton's people complaining about with respect to the F.B.I. Based on the information they had she should never.....,2017-01-13 04:22:38,59041,13031,819867246352801792
"released by ""Intelligence"" even knowing there is no proof, and never will be. My people will have a full report on hacking within 90 days!",2017-01-13 04:16:54,54652,12218,819865802849587200
"Totally made up facts by sleazebag political operatives, both Democrats and Republicans - FAKE NEWS! Russia says nothing exists. Probably...",2017-01-13 04:11:13,55493,12707,819864373988573184
It now turns out that the phony allegations against me were put together by my political opponents and a failed spy afraid of being sued....,2017-01-13 04:05:55,73912,17657,819863039902097408
"All of my Cabinet nominee are looking good and doing a great job. I want them to be themselves and express their own thoughts, not mine!",2017-01-13 03:49:34,82362,17015,819858926455967744
Congrats to the Senate for taking the first step to #RepealObamacare- now it's onto the House! – at Trump Tower,2017-01-12 10:41:11,87594,19759,819600124133474307
.@CNN is in a total meltdown with their FAKE NEWS because their ratings are tanking since election and their credibility will soon be gone!,2017-01-12 07:22:21,130477,36177,819550083742109696
Thank you to Linda Bean of L.L.Bean for your great support and courage. People will support you even more now. Buy L.L.Bean. @LBPerfectMaine,2017-01-12 06:50:13,94317,21901,819541997325316096
"James Clapper called me yesterday to denounce the false and fictitious report that was illegally circulated. Made up, phony facts.Too bad!",2017-01-12 05:23:45,73049,17555,819520238446411777
"""@zhu_amy3: @realDonaldTrump It's Morning in America again!!!  Thank you President-Elect Donald Trump!!! So proud of you!!!!"" THANKS!",2017-01-11 21:24:52,53094,9563,819399723924803585
We had a great News Conference at Trump Tower today. A couple of FAKE NEWS organizations were there but the people truly get what's going on,2017-01-11 21:01:38,120358,28894,819393877174087682
"Intelligence agencies should never have allowed this fake news to ""leak"" into the public. One last shot at me.Are we living in Nazi Germany?",2017-01-11 05:48:52,110419,32239,819164172781060096
"I win an election easily, a great ""movement"" is verified, and crooked opponents try to belittle our victory with FAKE NEWS. A sorry state!",2017-01-11 05:44:05,117649,29395,819162968592183298
"Russia has never tried to use leverage over me. I HAVE NOTHING TO DO WITH RUSSIA - NO DEALS, NO LOANS, NO NOTHING!",2017-01-11 05:31:31,87109,23756,819159806489591809
"Russia just said the unverified report paid for by political opponents is ""A COMPLETE AND TOTAL FABRICATION, UTTER NONSENSE."" Very unfair!",2017-01-11 05:13:40,67508,17917,819155311793700865
'BuzzFeed Runs Unverifiable Trump-Russia Claims' #FakeNewshttp://www.lifezette.com/polizette/buzzfeed-runs-error-laden-unverifiable-trump-russia-claim/ …,2017-01-10 19:00:11,46226,15420,819000924207251456
FAKE NEWS - A TOTAL POLITICAL WITCH HUNT!,2017-01-10 18:19:23,96476,30207,818990655418617856
"'Trump Helps Lift Small Business Confidence to 12-Yr. High'
http://bit.ly/2j5gad2FOXBusiness …pic.twitter.com/CWAvJ4fRdx – at Trump Tower",2017-01-10 15:30:53,43874,10651,818948254943604736
'Small business optimism soars after Trump election'http://www.cnbc.com/2017/01/10/small-business-optimism-soars-after-trump-election.html … – at Trump Tower,2017-01-10 13:50:31,50383,12054,818922995980845056
'U.S. Small-Business Optimism Index Surges by Most Since 1980'https://www.bloomberg.com/news/articles/2017-01-10/u-s-small-business-optimism-index-surges-by-most-since-1980 …,2017-01-10 08:26:22,42589,11400,818841421364989952
"Thank you to all of the men and women who protect & serve our communities 24/7/365! 
#LawEnforcementAppreciationDay
https://www.facebook.com/DonaldTrump/posts/10158443103370725:0 …pic.twitter.com/ySRNaF9Nvz",2017-01-09 19:20:01,94363,23442,818643528905621504
An old picture with Nancy and Ronald Reagan.pic.twitter.com/8kvQ1PzPAf,2017-01-09 15:32:33,125363,25369,818586286034485250
Ford said last week that it will expand in Michigan and U.S. instead of building a BILLION dollar plant in Mexico. Thank you Ford & Fiat C!,2017-01-09 07:16:34,111699,23994,818461467766824961
"It's finally happening - Fiat Chrysler just announced plans to invest $1BILLION in Michigan and Ohio plants, adding 2000 jobs. This after...",2017-01-09 07:14:10,102830,23907,818460862675558400
"""groveling"" when he totally changed a 16 year old story that he had written in order to make me look bad. Just more very dishonest media!",2017-01-09 04:43:26,70662,16510,818422930157830144
"Hillary flunky who lost big. For the 100th time, I never ""mocked"" a disabled reporter (would never do that) but simply showed him.......",2017-01-09 04:36:02,86016,21942,818421066859167746
"Meryl Streep, one of the most over-rated actresses in Hollywood, doesn't know me but attacked last night at the Golden Globes. She is a.....",2017-01-09 04:27:50,125971,38618,818419002548568064
Rupert Murdoch is a great guy who likes me much better as a very successful candidate than he ever did as a very successful developer!,2017-01-09 04:17:40,38264,7424,818416446527172608
Dishonest media says Mexico won't be paying for the wall if they pay a little later so the wall can be built more quickly. Media is fake!,2017-01-08 21:05:31,80485,19617,818307689323368448
"Before I, or anyone, saw the classified and/or highly confidential hacking intelligence report, it was leaked out to @NBCNews. So serious!",2017-01-08 11:56:20,75648,21031,818169485169410048
Kellyanne Conway went to @MeetThePress this morning for an interview with @chucktodd. Dishonest media cut out 9 of her 10 minutes. Terrible!,2017-01-08 09:46:07,59378,18363,818136714396975104
"""@FoxNews: ""We certainly don’t want intelligence interfering with politics and we don’t want politics interfe… https://twitter.com/i/web/status/817542630682796033 …""",2017-01-08 09:39:14,35554,8169,818134981344165888
"""@KellyannePolls: Welcome to President and Mrs. Bush.  
http://thehill.com/blogs/blog-briefing-room/news/312525-george-w-bush-to-attend-trumps-inauguration#.WGvveimVlvw.twitter …"" Very nice!",2017-01-08 09:36:46,29007,5500,818134360712953858
"I look very much forward to meeting Prime Minister Theresa May in Washington in the Spring. Britain, a longtime U.S. ally, is very special!",2017-01-07 19:07:09,86967,17710,817915516018892805
Congratulation to Jane Timken on her major upset victory in becoming the Ohio Republican Party Chair. Jane is a loyal Trump supporter & star,2017-01-07 16:54:05,66403,12377,817882028272128001
"both countries will, perhaps, work together to solve some of the many great and pressing problems and issues of the WORLD!",2017-01-07 08:21:42,71610,16742,817753083707015168
"have enough problems around the world without yet another one. When I am President, Russia will respect us far more than they do now and....",2017-01-07 08:10:46,80048,19105,817750330196819968
"Having a good relationship with Russia is a good thing, not a bad thing. Only ""stupid"" people, or fools, would think that it is bad! We.....",2017-01-07 08:02:20,103270,30161,817748207694467072
Only reason the hacking of the poorly defended DNC is discussed is that the loss by the Dems was so big that they are totally embarrassed!,2017-01-07 05:03:31,85816,20228,817703208567078913
Intelligence stated very strongly there was absolutely no evidence that hacking affected the election results. Voting machines not touched!,2017-01-07 04:56:29,70475,18696,817701436096126977
Gross negligence by the Democratic National Committee allowed hacking to take place.The Republican National Committee had strong defense!,2017-01-06 20:53:38,69208,16780,817579925771341825
"Happy Birthday @EricTrump!
https://www.facebook.com/DonaldTrump/posts/10158426170160725:0 …",2017-01-06 17:07:09,49128,7859,817522928862502913
Monitoring the terrible situation in Florida. Just spoke to Governor Scott. Thoughts and prayers for all. Stay safe!,2017-01-06 12:30:09,98438,22766,817453219613917185
I am asking the chairs of the House and Senate committees to investigate top secret intelligence shared with NBC prior to me seeing it.,2017-01-06 09:51:37,94642,26430,817413321058029568
"Anna Wintour came to my office at Trump Tower to ask me to meet with the editors of Conde Nast & Steven Newhouse, a friend. Will go this AM.",2017-01-06 07:18:51,35501,6594,817374875962769408
"being a movie star-and that was season 1 compared to season 14. Now compare him to my season 1. But who cares, he supported Kasich & Hillary",2017-01-06 05:42:53,41760,9003,817350726800306177
"Wow, the ratings are in and Arnold Schwarzenegger got ""swamped"" (or destroyed) by comparison to the ratings machine, DJT. So much for....",2017-01-06 05:34:37,39633,9502,817348644647108609
"Hopefully, all supporters, and those who want to MAKE AMERICA GREAT AGAIN, will go to D.C. on January 20th. It will be a GREAT SHOW!",2017-01-06 05:05:01,67473,14719,817341196251070464
and knew they were in big trouble - which is why they cancelled their big fireworks at the last minute.THEY SAW A MOVEMENT LIKE NEVER BEFORE,2017-01-06 04:45:47,42343,8437,817336355193753600
Hillary and the Dems were never going to beat the PASSION of my voters. They saw what was happening in the last two weeks before the......,2017-01-06 04:39:35,52340,10795,817334794958807042
"The dishonest media does not report that any money spent on building the Great Wall (for sake of speed), will be paid back by Mexico later!",2017-01-06 04:19:49,67243,19568,817329823374831617
So how and why are they so sure about hacking if they never even requested an examination of the computer servers? What is going on?,2017-01-05 17:40:03,72541,21164,817168818539757568
The Democratic National Committee would not allow the FBI to study or see its computer info after it was supposedly hacked by Russia......,2017-01-05 17:30:15,58345,19139,817166353266262016
"How did NBC get ""an exclusive look into the top secret report he (Obama) was presented?"" Who gave them this report and why? Politics!",2017-01-05 17:24:34,69521,21047,817164923843280896
"Toyota Motor said will build a new plant in Baja, Mexico, to build Corolla cars for U.S. NO WAY! Build plant in U.S. or pay big border tax.",2017-01-05 11:14:30,110364,33138,817071792711942145
"to make up their own minds as to the truth. The media lies to make it look like I am against ""Intelligence"" when in fact I am a big fan!",2017-01-05 06:45:57,69248,15676,817004210529116160
"The dishonest media likes saying that I am in Agreement with Julian Assange - wrong. I simply state what he states, it is for the people....",2017-01-05 06:25:30,63745,16683,816999062562107392
...time for Republicans & Democrats to get together and come up with a healthcare plan that really works - much less expensive & FAR BETTER!,2017-01-05 05:06:42,79710,16910,816979231217483776
"...do the typical political thing and BLAME. The fact is ObamaCare was a lie from the beginning.""Keep you doctor, keep your plan!"" It is....",2017-01-05 05:01:33,52696,12522,816977937731878912
"The Democrats, lead by head clown Chuck Schumer, know how bad ObamaCare is and what a mess they are in. Instead of working to fix it, they..",2017-01-05 04:57:57,54345,13374,816977032433270784
"Jackie Evancho's album sales have skyrocketed after announcing her Inauguration performance.Some people just don't understand the ""Movement""",2017-01-04 11:52:09,81232,17480,816718880731234304
massive increases of ObamaCare will take place this year and Dems are to blame for the mess. It will fall of its own weight - be careful!,2017-01-04 07:26:45,55685,13868,816652088662958082
"like the 116% hike in Arizona. Also, deductibles are so high that it is practically useless. Don't let the Schumer clowns out of this web...",2017-01-04 07:01:53,47358,11456,816645831659061248
"Republicans must be careful in that the Dems own the failed ObamaCare disaster, with its poor coverage and massive premium increases......",2017-01-04 06:55:53,47099,11376,816644321768312832
"things they did and said (like giving the questions to the debate to H). A total double standard! Media, as usual, gave them a pass.",2017-01-04 06:31:32,47562,10996,816638194468999169
"Somebody hacked the DNC but why did they not have ""hacking defense"" like the RNC has and why have they not responded to the terrible......",2017-01-04 06:27:03,43499,10502,816637064708030464
Thank you to Ford for scrapping a new plant in Mexico and creating 700 new jobs in the U.S. This is just the beginning - much more to follow,2017-01-04 06:19:09,88404,20070,816635078067490816
"""@FoxNews: Julian Assange on U.S. media coverage: “It’s very dishonest.” #Hannity pic.twitter.com/ADcPRQifH9"" More dishonest than anyone knows",2017-01-04 06:10:05,42963,15154,816632793862176769
"Julian Assange said ""a 14 year old could have hacked Podesta"" - why was DNC so careless? Also said Russians did not give him the info!",2017-01-04 05:22:38,62414,18558,816620855958601730
"The ""Intelligence"" briefing on so-called ""Russian hacking"" was delayed until Friday, perhaps more time needed to build a case. Very strange!",2017-01-03 18:14:52,82030,24064,816452807024840704
I will be having a general news conference on JANUARY ELEVENTH in N.Y.C. Thank you.,2017-01-03 16:58:31,59498,14981,816433590892429312
"""Trump is already delivering the jobs he promised America""http://nypost.com/2017/01/01/trump-is-already-delivering-the-jobs-he-promised-america/ … – at Trump Tower",2017-01-03 11:44:47,54202,14380,816354639859871745
There should be no further releases from Gitmo. These are extremely dangerous people and should not be allowed back onto the battlefield.,2017-01-03 10:20:43,84538,21103,816333480409833472
"Instead of driving jobs and wealth away, AMERICA will become the world's great magnet for INNOVATION & JOB CREATION.
https://instagram.com/p/BOz0xbXD74D/  – at Trump Tower",2017-01-03 10:00:11,55681,12976,816328314759606272
"""@DanScavino: Ford to scrap Mexico plant, invest in Michigan due to Trump policies""http://www.foxnews.com/politics/2017/01/03/ford-to-scrap-mexico-plant-invest-in-michigan-due-to-trump-policies.html …",2017-01-03 09:44:13,53904,16000,816324295781740544
"........may be, their number one act and priority. Focus on tax reform, healthcare and so many other things of far greater importance! #DTS",2017-01-03 08:07:41,43585,9756,816300003442495488
"With all that Congress has to work on, do they really have to make the weakening of the Independent Ethics Watchdog, as unfair as it",2017-01-03 08:03:29,43842,11103,816298944456232960
"The Democrat Governor.of Minnesota said ""The Affordable Care Act (ObamaCare) is no longer affordable!"" - And, it is lousy healthcare.",2017-01-03 05:51:15,54419,12863,816265668958031872
"People must remember that ObamaCare just doesn't work, and it is not affordable - 116% increases (Arizona). Bill Clinton called it ""CRAZY""",2017-01-03 05:46:33,59969,14763,816264484629184513
General Motors is sending Mexican made model of Chevy Cruze to U.S. car dealers-tax free across border. Make in U.S.A.or pay big border tax!,2017-01-03 05:30:05,74677,19337,816260343391514624
"China has been taking out massive amounts of money & wealth from the U.S. in totally one-sided trade, but won't help with North Korea. Nice!",2017-01-02 16:47:12,65934,17947,816068355555815424
North Korea just stated that it is in the final stages of developing a nuclear weapon capable of reaching parts of the U.S. It won't happen!,2017-01-02 16:05:44,93763,26789,816057920223846400
"I thought and felt I would win big, easily over the fabled 270 (306). When they cancelled fireworks, they knew, and so did I.",2017-01-02 11:44:04,64132,13793,815992069412057088
"Various media outlets and pundits say that I thought I was going to lose the election. Wrong, it all came together in the last week and.....",2017-01-02 11:37:10,48266,9263,815990335318982656
"@CNN just released a book called ""Unprecedented"" which explores the 2016 race & victory. Hope it does well but used worst cover photo of me!",2017-01-02 11:32:29,14035,4028,815989154555297792
"Chicago murder rate is record setting - 4,331 shooting victims with 762 murders in 2016. If Mayor can't do it he must ask for Federal help!",2017-01-02 10:31:17,64679,17838,815973752785793024
"Well, the New Year begins. We will, together, MAKE AMERICA GREAT AGAIN!",2017-01-02 07:40:10,127170,30024,815930688889352192
"TO ALL AMERICANS-
#HappyNewYear & many blessings to you all! Looking forward to a wonderful & prosperous 2017 as we work together to #MAGApic.twitter.com/UaBFaoDYHe",2016-12-31 22:00:10,128266,33421,815422340540547073
"Happy Birthday @DonaldJTrumpJr!
https://instagram.com/p/BOsTV57jZ_b/ ",2016-12-31 11:58:12,55826,9563,815270850916208644
"Happy New Year to all, including to my many enemies and those who have fought me and lost so badly they just don't know what to do. Love!",2016-12-31 06:17:21,353200,143448,815185071317676033
"Russians are playing @CNN and @NBCNews for such fools - funny to watch, they don't have a clue! @FoxNews totally gets it!",2016-12-30 15:18:18,84815,23395,814958820980039681
"Join @AmerIcan32, founded by Hall of Fame legend @JimBrownNFL32 on 1/19/2017 in Washington, D.C.
http://www.amer-i-can.org pic.twitter.com/XwSmQVFuoM",2016-12-30 12:46:55,25283,7370,814920722208296960
Great move on delay (by V. Putin) - I always knew he was very smart!,2016-12-30 12:41:33,97122,32881,814919370711461890
My Administration will follow two simple rules: https://instagram.com/p/BOmuafXjnVB/ ,2016-12-29 07:54:21,45828,11391,814484710025994241
'Economists say Trump delivered hope'http://www.politico.com/story/2016/12/donald-trump-economy-consumer-confidence-233011 …,2016-12-28 15:06:28,52109,14000,814231064847728640
"not anymore. The beginning of the end was the horrible Iran deal, and now this (U.N.)! Stay strong Israel, January 20th is fast approaching!",2016-12-28 07:25:11,118453,34849,814114980983427073
"We cannot continue to let Israel be treated with such total disdain and disrespect. They used to have a great friend in the U.S., but.......",2016-12-28 07:19:46,107213,30467,814113616110751744
Doing my best to disregard the many inflammatory President O statements and roadblocks.Thought it was going to be a smooth transition - NOT!,2016-12-28 07:07:13,118613,32034,814110460761018368
"The U.S. Consumer Confidence Index for December surged nearly four points to 113.7, THE HIGHEST LEVEL IN MORE THAN 15 YEARS! Thanks Donald!",2016-12-27 20:10:07,78938,19321,813945096269860866
"President Obama campaigned hard (and personally) in the very important swing states, and lost.The voters wanted to MAKE AMERICA GREAT AGAIN!",2016-12-27 14:52:29,100470,23389,813865160163098628
"The DJT Foundation, unlike most foundations, never paid fees, rent, salaries or any expenses. 100% of money goes to wonderful charities!",2016-12-26 20:06:59,67791,15332,813581917215977473
"I gave millions of dollars to DJT Foundation, raised or recieved millions more, ALL of which is given to charity, and media won't report!",2016-12-26 19:53:20,71978,17530,813578484572450816
The world was gloomy before I won - there was no hope. Now the market is up nearly 10% and Christmas spending is over a trillion dollars!,2016-12-26 16:32:28,129196,30374,813527932165558273
"The United Nations has such great potential but right now it is just a club for people to get together, talk and have a good time. So sad!",2016-12-26 14:41:58,78075,22233,813500123053490176
"President Obama said that he thinks he would have won against me. He should say that but I say NO WAY! - jobs leaving, ISIS, OCare, etc.",2016-12-26 14:36:28,91905,22425,813498739923054593
"Merry Christmas and a very, very, very , very Happy New Year to everyone!",2016-12-25 10:48:48,213930,50753,813079058896535552
#MerryChristmaspic.twitter.com/5GgDmJrGMS,2016-12-25 05:46:41,152539,43016,813003030186622976
Happy #Hanukkahpic.twitter.com/UvZwtykV1E,2016-12-24 14:44:32,85021,22284,812775995837218816
"The big loss yesterday for Israel in the United Nations will make it much harder to negotiate peace.Too bad, but we will get it done anyway!",2016-12-24 14:33:27,83960,19963,812773204561379330
".@NBCNews purposely left out this part of my nuclear qoute: ""until such time as the world comes to its senses regarding nukes.""  Dishonest!",2016-12-24 13:59:30,63237,16788,812764662500622336
"Vladimir Putin said today about Hillary and Dems: ""In my opinion, it is humiliating. One must be able to lose with dignity.""  So true!",2016-12-23 17:13:02,113877,32063,812450976670121985
"slaughter you. This is a purely religious threat, which turned into reality. Such hatred! When will the U.S., and all countries, fight back?",2016-12-23 14:23:00,66414,18176,812408189492797442
"The terrorist who killed so many people in Germany said just before crime, ""by God's will we will slaughter you pigs, I swear, we will......",2016-12-23 14:17:42,52538,18987,812406855469252608
"As to the U.N., things will be different after Jan. 20th.",2016-12-23 13:14:34,100051,34220,812390964740427776
"my presidency. Isn't this a ridiculous shame? He loves these kids, has raised millions of dollars for them, and now must stop. Wrong answer!",2016-12-23 04:58:36,64951,14677,812266152684650496
"My wonderful son, Eric, will no longer be allowed to raise money for children with cancer because of a possible conflict of interest with...",2016-12-23 04:53:05,54519,15622,812264762981675008
"The so-called ""A"" list celebrities are all wanting tixs to the inauguration, but look what they did for Hillary, NOTHING. I want the PEOPLE!",2016-12-22 18:59:58,121174,31690,812115501791006720
"Based on the tremendous cost and cost overruns of the Lockheed Martin F-35, I have asked Boeing to price-out a comparable F-18 Super Hornet!",2016-12-22 15:26:05,63049,15067,812061677160202240
The United States must greatly strengthen and expand its nuclear capability until such time as the world comes to its senses regarding nukes,2016-12-22 09:50:30,73393,21413,811977223326625792
"Someone incorrectly stated that the phrase ""DRAIN THE SWAMP"" was no longer being used by me. Actually, we will always be trying to DTS.",2016-12-22 09:41:52,74553,19618,811975049431416832
The resolution being considered at the United Nations Security Council regarding Israel should be vetoed....cont: https://www.facebook.com/DonaldTrump/posts/10158338539250725 …,2016-12-22 06:37:04,35908,10437,811928543366148096
"I met some really great Air Force GENERALS and Navy ADMIRALS today, talking about airplane capability and pricing. Very impressive people!",2016-12-21 20:39:33,66634,13174,811778176120668160
I have not heard any of the pundits or commentators discussing the fact that I spent FAR LESS MONEY on the win than Hillary on the loss!,2016-12-21 06:29:38,83122,20551,811564284706689024
"I would have done even better in the election, if that is possible, if the winner was based on popular vote - but would campaign differently",2016-12-21 06:24:29,55059,12138,811562990285848576
Campaigning to win the Electoral College is much more difficult & sophisticated than the popular vote. Hillary focused on the wrong states!,2016-12-21 06:15:14,69882,16158,811560662853939200
"Yes, it is true - Carlos Slim, the great businessman from Mexico, called me about getting together for a meeting. We met, HE IS A GREAT GUY!",2016-12-20 13:27:57,68668,15752,811307169043849216
"especially how to get people, even with an unlimited budget, out to vote in the vital swing states ( and more). They focused on wrong states",2016-12-20 06:09:18,42625,9003,811196778779463684
"Bill Clinton stated that I called him after the election. Wrong, he called me (with a very nice congratulations). He ""doesn't know much"" ...",2016-12-20 06:03:59,79503,18938,811195441710764032
"""@mike_pence: Congratulations to @RealDonaldTrump; officially elected President of the United States today by the Electoral College!""",2016-12-19 19:50:25,74507,15537,811041034323054592
"""@Franklin_Graham: Congratulations to President-elect @realDonaldTrump--the electoral votes are in and it's official."" Thank you Franklin!",2016-12-19 19:46:01,50706,10495,811039925571354624
"We did it! Thank you to all of my great supporters, we just officially won the election (despite all of the distorted and inaccurate media).",2016-12-19 16:51:41,225076,59900,810996052241293312
"Today there were terror attacks in Turkey, Switzerland and Germany - and it is only getting worse. The civilized world must change thinking!",2016-12-19 16:21:11,115537,39760,810988379051610112
"If my many supporters acted and threatened people like those who lost the election are doing, they would be scorned & called terrible names!",2016-12-18 14:54:40,136429,36731,810604216771284992
We should tell China that we don't want the drone they stole back.- let them keep it!,2016-12-17 17:59:25,66063,18110,810288321880555520
"Thank you Alabama! From now on, it’s going to be #AmericaFirst. Our goal is to bring back that wonderful phrase: #MadeInTheUSA!pic.twitter.com/O3RBYD2dT3",2016-12-17 17:12:05,54964,13017,810276411177107456
China steals United States Navy research drone in international waters - rips it out of water and takes it to China in unprecedented act.,2016-12-17 06:57:20,61231,19548,810121703288410112
"Mobile, Alabama today at 3:00 P.M. Last rally of the year - ""THANK YOU ALABAMA AND THE SOUTH"" Biggest of all crowds expected, see you there!",2016-12-17 06:20:23,40311,8251,810112407309844480
"""@EazyMF_E: @realDonaldTrump Many people are now saying you will be an extremely successful president! #MakeAmericaGreatAgain""  Thank you!",2016-12-17 06:07:22,35291,7116,810109131537481728
"Last night in Orlando, Florida, was incredible - massive crowd - THANK YOU FLORIDA! Today at 3:00 P.M. I will be in Alabama for last rally!",2016-12-17 06:05:02,36110,6430,810108542921408512
Thank you Florida. My Administration will follow two simple rules: BUY AMERICAN and HIRE AMERICAN! #ICYMI- Watch: https://www.facebook.com/DonaldTrump/videos/10158310632295725/ …pic.twitter.com/OawesIeUjB,2016-12-16 20:52:01,43402,11108,809969373754654721
"#ThankYouTour2016 

Tonight- Orlando, Florida 
Tickets: http://bit.ly/2gpz8goFLORIDA 

Tomorrow- Mobile, Alabama
Tickets: http://bit.ly/2gpwhwcALABAMA pic.twitter.com/udCCmET1jU – at Trump Tower",2016-12-16 09:54:28,27805,7057,809803893920165892
"Well, we all did it, together! I hope the ""MOVEMENT"" fans will go to D.C. on Jan 20th for the swearing in. Let's set the all time record!",2016-12-16 09:03:09,71074,18273,809790978332786689
Are we talking about the same cyberattack where it was revealed that head of the DNC illegally gave Hillary the questions to the debate?,2016-12-16 04:09:19,110067,33815,809717035353722880
"Thank you Pennsylvania! Together, we are going to MAKE AMERICA GREAT AGAIN! Watch here: https://www.facebook.com/DonaldTrump/videos/10158305240145725/ …
#ThankYouTour2016pic.twitter.com/Odd2JSTvkn",2016-12-15 18:32:56,38218,8942,809571983428120577
"Join me in Mobile, Alabama on Sat. at 3pm! #ThankYouTour2016 
Tickets: http://bit.ly/2gpwhwcALABAMA pic.twitter.com/opKrWO4k0C",2016-12-15 15:27:16,22255,5586,809525257371578369
"If Russia, or some other entity, was hacking, why did the White House wait so long to act? Why did they only complain after Hillary lost?",2016-12-15 07:24:29,124937,41009,809403760099422208
"The media tries so hard to make my move to the White House, as it pertains to my business, so complex - when actually it isn't!",2016-12-15 06:28:54,61181,13867,809389774066814976
"Thank you to Time Magazine and Financial Times for naming me ""Person of the Year"" - a great honor!",2016-12-15 06:09:14,57307,10785,809384826193276928
"Has anyone looked at the really poor numbers of @VanityFair Magazine. Way down, big trouble, dead! Graydon Carter, no talent, will be out!",2016-12-15 06:05:55,37551,8950,809383989018497024
.@BillGates and @JimBrownNFL32 in my Trump Tower office yesterday- two great guys!pic.twitter.com/4PjSOEU5y9,2016-12-14 11:07:55,58167,14215,809097603010981888
"Thank you Wisconsin! My Administration will be focused on three very important words: jobs, jobs, jobs! Watch: http://bit.ly/2gJ2K4pWisconsinLive …pic.twitter.com/87TyY7CG0X",2016-12-13 20:48:55,42803,9737,808881429715316737
"Join me this Saturday at Ladd–Peebles Stadium in Mobile, Alabama! 
#ThankYouTour2016 

Tickets: http://bit.ly/2gpwhwcALABAMA pic.twitter.com/2aXHTRyNT3",2016-12-13 14:33:53,23411,6270,808787048144453632
The thing I like best about Rex Tillerson is that he has vast experience at dealing successfully with all types of foreign governments.,2016-12-13 05:44:06,59218,14736,808653723639697408
Wisconsin and Pennsylvania have just certified my wins in those states. I actually picked up additional votes!,2016-12-13 04:57:35,78251,18374,808642018612310016
"I have chosen one of the truly great business leaders of the world, Rex Tillerson, Chairman and CEO of ExxonMobil, to be Secretary of State.",2016-12-13 04:43:38,77429,23315,808638507161882624
"I will hold a press conference in the near future to discuss the business, Cabinet picks and all other topics of interest. Busy times!",2016-12-12 21:41:33,47469,10509,808532286664822784
